﻿<parameters>
  <parameter name="IIS Web Application Name" defaultValue="Default Web Site/BatchSheetWeb_deploy" tags="IisApp">
    <parameterEntry kind="ProviderPath" scope="IisApp" match="^\\\\Mac\\Home\\Documents\\Visual\ Studio\ 2015\\Projects\\SharePointAddIn3\\SharePointAddIn3Web\\obj\\Release\\Package\\PackageTmp$" />
    <parameterEntry kind="ProviderPath" scope="setAcl" match="^\\\\Mac\\Home\\Documents\\Visual\ Studio\ 2015\\Projects\\SharePointAddIn3\\SharePointAddIn3Web\\obj\\Release\\Package\\PackageTmp$" />
  </parameter>
  <parameter name="ClientId" description="Value for ClientId here." defaultValue="982fe9aa-ff3a-4108-96a9-1a26aa2c9d27" tags="applicationSettings">
    <parameterEntry kind="XmlFile" scope="web.config$" match="/configuration/appSettings/add[@key='ClientId']/@value" />
  </parameter>
  <parameter name="ClientSecret" description="Value for ClientSecret here." defaultValue="o55jAC1Vn6pNsvwXoAHohfAeZuoMMDfBfBd56PN0bws" tags="applicationSettings">
    <parameterEntry kind="XmlFile" scope="web.config$" match="/configuration/appSettings/add[@key='ClientSecret']/@value" />
  </parameter>
  <parameter name="adageAzureEntities-Web.config Connection String" defaultValue="metadata=res://*/Model2.csdl|res://*/Model2.ssdl|res://*/Model2.msl;provider=System.Data.SqlClient;provider connection string='data source=baosw85isl.database.windows.net;initial catalog=adage;persist security info=True;user id=qdoland;password=&quot;8F(Sof;cT,7s&quot;;MultipleActiveResultSets=True;App=EntityFramework'">
    <parameterEntry kind="XmlFile" scope="\\\\Mac\\Home\\Documents\\Visual\ Studio\ 2015\\Projects\\SharePointAddIn3\\SharePointAddIn3Web\\obj\\Release\\Package\\PackageTmp\\Web\.config$" match="/configuration/connectionStrings/add[@name='adageAzureEntities']/@connectionString" />
  </parameter>
  <parameter name="adage_45Entities-Web.config Connection String" description="adage_45Entities Connection String used in web.config by the application to access the database." defaultValue="metadata=res://*/Model1.csdl|res://*/Model1.ssdl|res://*/Model1.msl;provider=System.Data.SqlClient;provider connection string=&quot;data source=reports1;initial catalog=adage_45;integrated security=True;MultipleActiveResultSets=True;App=EntityFramework&quot;" tags="SqlConnectionString">
    <parameterEntry kind="XmlFile" scope="\\\\Mac\\Home\\Documents\\Visual\ Studio\ 2015\\Projects\\SharePointAddIn3\\SharePointAddIn3Web\\obj\\Release\\Package\\PackageTmp\\Web\.config$" match="/configuration/connectionStrings/add[@name='adage_45Entities']/@connectionString" />
  </parameter>
  <parameter name="adageConnectionString-Web.config Connection String" description="adageConnectionString Connection String used in web.config by the application to access the database." defaultValue="Data Source=baosw85isl.database.windows.net;Initial Catalog=adage;Persist Security Info=True;User ID=qdoland;Password=&quot;8F(Sof;cT,7s&quot;;MultipleActiveResultSets=True;Application Name=EntityFramework" tags="SqlConnectionString">
    <parameterEntry kind="XmlFile" scope="\\\\Mac\\Home\\Documents\\Visual\ Studio\ 2015\\Projects\\SharePointAddIn3\\SharePointAddIn3Web\\obj\\Release\\Package\\PackageTmp\\Web\.config$" match="/configuration/connectionStrings/add[@name='adageConnectionString']/@connectionString" />
  </parameter>
</parameters>