﻿<parameters>
  <parameter name="IIS Web Application Name" defaultValue="BatchSheets" tags="IisApp">
    <parameterEntry kind="ProviderPath" scope="IisApp" match="^\\\\Mac\\Home\\Documents\\OneDrive\ -\ Silberline\\documents\\Git\\BatchSheetSharePoint\\SharePointAddIn3Web\\obj\\Debug\\Package\\PackageTmp$" />
    <parameterEntry kind="ProviderPath" scope="setAcl" match="^\\\\Mac\\Home\\Documents\\OneDrive\ -\ Silberline\\documents\\Git\\BatchSheetSharePoint\\SharePointAddIn3Web\\obj\\Debug\\Package\\PackageTmp$" />
  </parameter>
  <parameter name="ClientId" description="Value for ClientId here." defaultValue="a30a6fe3-57d9-4deb-840b-ca9d6478850a" tags="applicationSettings">
    <parameterEntry kind="XmlFile" scope="web.config$" match="/configuration/appSettings/add[@key='ClientId']/@value" />
  </parameter>
  <parameter name="ClientSecret" description="Value for ClientSecret here." defaultValue="vTxj/7hlJY8YtfjjAIRqZmvQlZzYT1Cce6zKohXWRoo=" tags="applicationSettings">
    <parameterEntry kind="XmlFile" scope="web.config$" match="/configuration/appSettings/add[@key='ClientSecret']/@value" />
  </parameter>
  <parameter name="adageAzureEntities-Web.config Connection String" defaultValue="metadata=res://*/Model2.csdl|res://*/Model2.ssdl|res://*/Model2.msl;provider=System.Data.SqlClient;provider connection string='data source=baosw85isl.database.windows.net;initial catalog=adage;persist security info=True;user id=qdoland;password=&quot;AonVJoOjD1oEMNVe&quot;;MultipleActiveResultSets=True;App=EntityFramework'">
    <parameterEntry kind="XmlFile" scope="\\\\Mac\\Home\\Documents\\OneDrive\ -\ Silberline\\documents\\Git\\BatchSheetSharePoint\\SharePointAddIn3Web\\obj\\Debug\\Package\\PackageTmp\\Web\.config$" match="/configuration/connectionStrings/add[@name='adageAzureEntities']/@connectionString" />
  </parameter>
  <parameter name="adageConnectionString-Web.config Connection String" defaultValue="Data Source=baosw85isl.database.windows.net;Initial Catalog=adage;Persist Security Info=True;User ID=qdoland;Password=&quot;AonVJoOjD1oEMNVe&quot;;MultipleActiveResultSets=True;Application Name=EntityFramework">
    <parameterEntry kind="XmlFile" scope="\\\\Mac\\Home\\Documents\\OneDrive\ -\ Silberline\\documents\\Git\\BatchSheetSharePoint\\SharePointAddIn3Web\\obj\\Debug\\Package\\PackageTmp\\Web\.config$" match="/configuration/connectionStrings/add[@name='adageConnectionString']/@connectionString" />
  </parameter>
  <parameter name="adage_45Entities-Web.config Connection String" defaultValue="metadata=res://*/Model1.csdl|res://*/Model1.ssdl|res://*/Model1.msl;provider=System.Data.SqlClient;provider connection string=&quot;data source=reports1;initial catalog=adage_45;integrated security=True;MultipleActiveResultSets=True;App=EntityFramework&quot;">
    <parameterEntry kind="XmlFile" scope="\\\\Mac\\Home\\Documents\\OneDrive\ -\ Silberline\\documents\\Git\\BatchSheetSharePoint\\SharePointAddIn3Web\\obj\\Debug\\Package\\PackageTmp\\Web\.config$" match="/configuration/connectionStrings/add[@name='adage_45Entities']/@connectionString" />
  </parameter>
</parameters>